,tarih,gunluk_test,gunluk_vaka,gunluk_hasta,gunluk_vefat,gunluk_iyilesen,toplam_test,toplam_hasta,toplam_vefat,toplam_iyilesen,toplam_yogun_bakim,toplam_entube,hastalarda_zaturre_oran,agir_hasta_sayisi,yatak_doluluk_orani,eriskin_yogun_bakim_doluluk_orani,ventilator_doluluk_orani,ortalama_filyasyon_suresi,ortalama_temasli_tespit_suresi,filyasyon_orani
0,22.01.2022,417.161,72.856,,184,89.926,,,,,,,,,,,,,,
1,21.01.2022,416.453,72.555,,181,87.192,,,,,,,,,,,,,,
2,20.01.2022,414.312,71.843,,166,85.948,,,,,,,,,,,,,,
3,19.01.2022,412.031,72.615,,176,84.426,,,,,,,,,,,,,,
4,18.01.2022,418.253,69.658,,157,77.612,,,,,,,,,,,,,,
5,17.01.2022,403.836,64.935,,162,72.106,,,,,,,,,,,,,,
6,16.01.2022,364.426,54.100,,136,68.895,,,,,,,,,,,,,,
7,15.01.2022,384.263,63.967,,177,52.016,,,,,,,,,,,,,,
8,14.01.2022,392.438,67.857,,167,56.256,,,,,,,,,,,,,,
9,13.01.2022,410.116,75.564,,153,51.675,,,,,,,,,,,,,,
10,12.01.2022,422.028,77.722,,145,42.573,,,,,,,,,,,,,,
11,11.01.2022,430.253,74.266,,137,39.226,,,,,,,,,,,,,,
12,10.01.2022,403.104,65.236,,141,38.242,,,,,,,,,,,,,,
13,09.01.2022,384.049,61.727,,173,35.163,,,,,,,,,,,,,,
14,08.01.2022,418.264,66.237,,141,34.592,,,,,,,,,,,,,,
15,07.01.2022,406.796,63.214,,157,29.197,,,,,,,,,,,,,,
16,06.01.2022,418.823,68.413,,156,25.502,,,,,,,,,,,,,,
17,05.01.2022,417.787,66.467,,143,29.316,,,,,,,,,,,,,,
18,04.01.2022,382.888,54.724,,137,26.561,,,,,,,,,,,,,,
19,03.01.2022,368.913,44.869,,160,27.492,,,,,,,,,,,,,,
20,02.01.2022,362.836,33.520,,129,22.161,,,,,,,,,,,,,,
21,01.01.2022,369.027,36.731,,145,23.325,,,,,,,,,,,,,,
22,31.12.2021,372.516,40.786,,163,23.968,,,,,,,,,,,,,,
23,30.12.2021,369.647,39.681,,139,24.854,,,,,,,,,,,,,,
24,29.12.2021,366.363,36.684,,142,25.638,,,,,,,,,,,,,,
25,28.12.2021,368.842,32.176,,184,23.104,,,,,,,,,,,,,,
26,27.12.2021,362.535,26.099,,157,22.024,,,,,,,,,,,,,,
27,26.12.2021,351.965,20.138,,173,21.214,,,,,,,,,,,,,,
28,25.12.2021,357.536,20.470,,145,22.109,,,,,,,,,,,,,,
29,24.12.2021,356.106,18.910,,133,20.351,,,,,,,,,,,,,,
30,23.12.2021,355.753,18.771,,168,21.605,,,,,,,,,,,,,,
31,22.12.2021,352.438,19.095,,179,22.816,,,,,,,,,,,,,,
32,21.12.2021,353.152,19.859,,187,25.532,,,,,,,,,,,,,,
33,20.12.2021,351.253,18.762,,176,24.497,,,,,,,,,,,,,,
34,19.12.2021,349.193,16.910,,171,22.858,,,,,,,,,,,,,,
35,18.12.2021,342.183,17.644,,191,25.568,,,,,,,,,,,,,,
36,17.12.2021,354.857,18.141,,190,24.245,,,,,,,,,,,,,,
37,16.12.2021,354.003,18.100,,167,25.664,,,,,,,,,,,,,,
38,15.12.2021,357.325,19.872,,193,25.239,,,,,,,,,,,,,,
39,14.12.2021,358.117,21.477,,181,24.042,,,,,,,,,,,,,,
40,13.12.2021,351.536,18.796,,171,23.242,,,,,,,,,,,,,,
41,12.12.2021,345.754,17.956,,182,22.648,,,,,,,,,,,,,,
42,11.12.2021,349.221,19.255,,191,23.180,,,,,,,,,,,,,,
43,10.12.2021,347.232,18.561,,176,25.129,,,,,,,,,,,,,,
44,09.12.2021,350.522,19.696,,195,27.263,,,,,,,,,,,,,,
45,08.12.2021,356.254,20.874,,192,29.883,,,,,,,,,,,,,,
46,07.12.2021,355.317,22.687,,198,24.366,,,,,,,,,,,,,,
47,06.12.2021,354.269,20.033,,187,25.611,,,,,,,,,,,,,,
48,05.12.2021,350.937,19.357,,185,24.278,,,,,,,,,,,,,,
49,04.12.2021,353.035,20.374,,228,19.463,,,,,,,,,,,,,,
50,03.12.2021,355.226,21.495,,187,20.193,,,,,,,,,,,,,,
51,02.12.2021,354.385,21.747,,192,22.284,,,,,,,,,,,,,,
52,01.12.2021,355.252,22.556,,196,24.113,,,,,,,,,,,,,,
53,30.11.2021,359.420,25.216,,207,24.498,,,,,,,,,,,,,,
54,29.11.2021,358.816,24.317,,189,23.273,,,,,,,,,,,,,,
55,28.11.2021,350.385,21.655,,213,20.007,,,,,,,,,,,,,,
56,27.11.2021,358.274,23.759,,192,25.103,,,,,,,,,,,,,,
57,26.11.2021,361.229,24.002,,201,25.341,,,,,,,,,,,,,,
58,25.11.2021,363.043,24.467,,222,29.639,,,,,,,,,,,,,,
59,24.11.2021,364.351,27.592,,175,28.285,,,,,,,,,,,,,,
60,23.11.2021,365.412,28.170,,208,29.353,,,,,,,,,,,,,,
61,22.11.2021,361.005,24.856,,193,28.935,,,,,,,,,,,,,,
62,21.11.2021,350.163,21.177,,195,34.290,,,,,,,,,,,,,,
63,20.11.2021,352.335,23.347,,201,29.163,,,,,,,,,,,,,,
64,19.11.2021,356.563,23.810,,218,28.749,,,,,,,,,,,,,,
65,18.11.2021,357.223,22.234,,226,29.538,,,,,,,,,,,,,,
66,17.11.2021,358.784,23.867,,229,28.543,,,,,,,,,,,,,,
67,16.11.2021,356.514,25.101,,227,27.447,,,,,,,,,,,,,,
68,15.11.2021,350.933,23.852,,215,25.258,,,,,,,,,,,,,,
69,14.11.2021,346.642,21.624,,189,20.550,,,,,,,,,,,,,,
70,13.11.2021,347.426,22.583,,215,25.254,,,,,,,,,,,,,,
71,12.11.2021,354.287,23.637,,217,25.164,,,,,,,,,,,,,,
72,11.11.2021,356.004,24.898,,197,24.360,,,,,,,,,,,,,,
73,10.11.2021,358.251,27.259,,203,27.513,,,,,,,,,,,,,,
74,09.11.2021,359.560,28.662,,196,28.859,,,,,,,,,,,,,,
75,08.11.2021,357.832,27.824,,187,28.255,,,,,,,,,,,,,,
76,07.11.2021,347.783,25.304,,200,28.852,,,,,,,,,,,,,,
77,06.11.2021,358.326,27.474,,203,30.584,,,,,,,,,,,,,,
78,05.11.2021,361.422,28.193,,198,32.201,,,,,,,,,,,,,,
79,04.11.2021,362.832,29.482,,228,34.743,,,,,,,,,,,,,,
80,03.11.2021,363.238,29.764,,246,33.366,,,,,,,,,,,,,,
81,02.11.2021,361.533,29.796,,224,29.837,,,,,,,,,,,,,,
82,01.11.2021,356.643,28.678,,217,29.296,,,,,,,,,,,,,,
83,31.10.2021,347.362,23.948,,201,26.175,,,,,,,,,,,,,,
84,30.10.2021,344.163,23.096,,203,28.632,,,,,,,,,,,,,,
85,29.10.2021,351.373,24.409,,209,30.846,,,,,,,,,,,,,,
86,28.10.2021,354.580,25.528,,229,27.651,,,,,,,,,,,,,,
87,27.10.2021,355.947,26.896,,210,30.542,,,,,,,,,,,,,,
88,26.10.2021,356.636,29.643,,215,31.467,,,,,,,,,,,,,,
89,25.10.2021,351.152,27.663,,232,30.824,,,,,,,,,,,,,,
90,24.10.2021,338.536,24.792,,195,24.403,,,,,,,,,,,,,,
91,23.10.2021,351.184,26.217,,217,27.663,,,,,,,,,,,,,,
92,22.10.2021,363.553,28.192,,228,30.302,,,,,,,,,,,,,,
93,21.10.2021,362.213,28.465,,198,29.160,,,,,,,,,,,,,,
94,20.10.2021,361.350,29.760,,214,28.803,,,,,,,,,,,,,,
95,19.10.2021,360.849,30.862,,223,27.352,,,,,,,,,,,,,,
96,18.10.2021,351.165,29.240,,214,26.539,,,,,,,,,,,,,,
97,17.10.2021,341.426,24.114,,186,24.403,,,,,,,,,,,,,,
98,16.10.2021,357.167,28.537,,212,25.611,,,,,,,,,,,,,,
99,15.10.2021,363.536,30.694,,181,25.513,,,,,,,,,,,,,,
100,14.10.2021,362.217,30.709,,203,26.461,,,,,,,,,,,,,,
101,13.10.2021,361.164,31.248,,236,30.331,,,,,,,,,,,,,,
102,12.10.2021,357.636,33.860,,237,30.110,,,,,,,,,,,,,,
103,11.10.2021,355.015,30.563,,188,33.861,,,,,,,,,,,,,,
104,10.10.2021,344.280,28.370,,196,25.772,,,,,,,,,,,,,,
105,09.10.2021,348.856,28.645,,206,24.217,,,,,,,,,,,,,,
106,08.10.2021,360.115,30.201,,188,28.167,,,,,,,,,,,,,,
107,07.10.2021,362.152,30.019,,217,32.240,,,,,,,,,,,,,,
108,06.10.2021,358.064,30.438,,236,31.413,,,,,,,,,,,,,,
109,05.10.2021,355.564,29.802,,228,32.269,,,,,,,,,,,,,,
110,04.10.2021,352.214,28.810,,248,33.152,,,,,,,,,,,,,,
111,03.10.2021,348.462,27.351,,194,22.004,,,,,,,,,,,,,,
112,02.10.2021,352.162,27.973,,203,22.110,,,,,,,,,,,,,,
113,01.10.2021,356.352,28.873,,210,26.224,,,,,,,,,,,,,,
114,30.09.2021,357.853,29.104,,216,32.119,,,,,,,,,,,,,,
115,29.09.2021,355.442,29.386,,227,31.018,,,,,,,,,,,,,,
116,28.09.2021,356.661,28.892,,239,30.336,,,,,,,,,,,,,,
117,27.09.2021,353.324,27.188,,206,25.160,,,,,,,,,,,,,,
118,26.09.2021,341.221,25.861,,228,24.875,,,,,,,,,,,,,,
119,25.09.2021,342.145,26.145,,193,19.199,,,,,,,,,,,,,,
120,24.09.2021,355.226,27.197,,221,20.458,,,,,,,,,,,,,,
121,23.09.2021,356.132,27.844,,217,21.267,,,,,,,,,,,,,,
122,22.09.2021,351.655,28.168,,242,23.096,,,,,,,,,,,,,,
123,21.09.2021,354.854,29.338,,260,23.361,,,,,,,,,,,,,,
124,20.09.2021,346.435,27.688,,231,27.949,,,,,,,,,,,,,,
125,19.09.2021,338.873,26.398,,213,27.160,,,,,,,,,,,,,,
126,18.09.2021,335.244,26.161,,221,24.023,,,,,,,,,,,,,,
127,17.09.2021,341.854,27.692,,237,23.197,,,,,,,,,,,,,,
128,16.09.2021,343.142,28.118,,262,32.249,,,,,,,,,,,,,,
129,15.09.2021,341.004,28.224,,248,28.536,,,,,,,,,,,,,,
130,14.09.2021,334.535,27.802,,276,29.191,,,,,,,,,,,,,,
131,13.09.2021,319.110,24.613,,231,26.052,,,,,,,,,,,,,,
132,12.09.2021,310.546,21.352,,243,25.616,,,,,,,,,,,,,,
133,11.09.2021,314.046,22.923,,259,30.144,,,,,,,,,,,,,,
134,10.09.2021,318.835,23.562,,214,35.083,,,,,,,,,,,,,,
135,09.09.2021,314.793,23.846,,257,31.322,,,,,,,,,,,,,,
136,08.09.2021,308.437,23.914,,262,30.103,,,,,,,,,,,,,,
137,07.09.2021,304.864,23.638,,274,34.402,,,,,,,,,,,,,,
138,06.09.2021,301.164,20.962,,271,29.327,,,,,,,,,,,,,,
139,05.09.2021,279.063,19.391,,269,24.289,,,,,,,,,,,,,,
140,04.09.2021,283.385,20.033,,278,19.464,,,,,,,,,,,,,,
141,03.09.2021,304.530,22.857,,276,14.527,,,,,,,,,,,,,,
142,02.09.2021,305.047,23.496,,283,20.004,,,,,,,,,,,,,,
143,01.09.2021,302.869,23.946,,290,15.164,,,,,,,,,,,,,,
144,31.08.2021,297.167,21.893,,252,14.106,,,,,,,,,,,,,,
145,30.08.2021,283.250,19.557,,245,13.401,,,,,,,,,,,,,,
146,29.08.2021,286.425,17.332,,255,11.396,,,,,,,,,,,,,,
147,28.08.2021,290.186,17.912,,245,12.175,,,,,,,,,,,,,,
148,27.08.2021,295.647,18.340,,244,14.528,,,,,,,,,,,,,,
149,26.08.2021,297.068,19.616,,257,15.205,,,,,,,,,,,,,,
150,25.08.2021,296.711,19.970,,217,16.651,,,,,,,,,,,,,,
151,24.08.2021,293.037,19.191,,230,15.373,,,,,,,,,,,,,,
152,23.08.2021,282.528,18.857,,232,15.833,,,,,,,,,,,,,,
153,22.08.2021,265.196,18.622,,206,13.263,,,,,,,,,,,,,,
154,21.08.2021,282.857,19.351,,232,13.163,,,,,,,,,,,,,,
155,20.08.2021,293.252,19.918,,204,15.561,,,,,,,,,,,,,,
156,19.08.2021,292.538,19.320,,216,14.743,,,,,,,,,,,,,,
157,18.08.2021,295.206,19.944,,168,15.537,,,,,,,,,,,,,,
158,17.08.2021,294.561,21.692,,183,14.636,,,,,,,,,,,,,,
159,16.08.2021,287.947,18.163,,165,16.642,,,,,,,,,,,,,,
160,15.08.2021,281.184,18.847,,154,14.426,,,,,,,,,,,,,,
161,14.08.2021,284.947,19.949,,145,15.364,,,,,,,,,,,,,,
162,13.08.2021,285.242,21.372,,157,16.492,,,,,,,,,,,,,,
163,12.08.2021,281.535,22.261,,138,15.685,,,,,,,,,,,,,,
164,11.08.2021,278.263,27.356,,128,16.363,,,,,,,,,,,,,,
165,10.08.2021,264.647,26.597,,124,14.954,,,,,,,,,,,,,,
166,09.08.2021,245.253,23.731,,117,7.365,,,,,,,,,,,,,,
167,08.08.2021,239.637,22.699,,108,5.835,,,,,,,,,,,,,,
168,07.08.2021,246.037,25.100,,112,6.758,,,,,,,,,,,,,,
169,06.08.2021,243.280,23.957,,101,6.941,,,,,,,,,,,,,,
170,05.08.2021,245.152,24.297,,108,6.636,,,,,,,,,,,,,,
171,04.08.2021,262.048,26.822,,122,6.096,,,,,,,,,,,,,,
172,03.08.2021,256.163,24.832,,126,6.243,,,,,,,,,,,,,,
173,02.08.2021,270.426,22.898,,91,5.947,,,,,,,,,,,,,,
174,01.08.2021,251.224,20.890,,96,5.539,,,,,,,,,,,,,,
175,31.07.2021,259.196,22.332,,79,5.107,,,,,,,,,,,,,,
176,30.07.2021,256.460,22.083,,69,5.752,,,,,,,,,,,,,,
177,29.07.2021,261.198,22.161,,60,5.463,,,,,,,,,,,,,,
178,28.07.2021,257.474,22.291,,76,4.197,,,,,,,,,,,,,,
179,27.07.2021,246.648,19.761,,51,7.108,,,,,,,,,,,,,,
180,26.07.2021,224.198,16.809,,63,5.585,,,,,,,,,,,,,,
181,25.07.2021,223.837,14.230,,55,5.211,,,,,,,,,,,,,,
182,24.07.2021,221.463,12.381,,58,5.383,,,,,,,,,,,,,,
183,23.07.2021,219.528,11.094,,60,5.215,,,,,,,,,,,,,,
184,22.07.2021,214.196,9.586,,52,5.093,,,,,,,,,,,,,,
185,21.07.2021,184.462,8.151,,59,4.946,,,,,,,,,,,,,,
186,20.07.2021,198.537,8.780,,46,4.561,,,,,,,,,,,,,,
187,19.07.2021,226.513,7.667,,50,4.152,,,,,,,,,,,,,,
188,18.07.2021,233.946,7.680,,66,5.835,,,,,,,,,,,,,,
189,17.07.2021,234.161,7.666,,38,5.490,,,,,,,,,,,,,,
190,16.07.2021,229.582,6.918,,35,5.084,,,,,,,,,,,,,,
191,15.07.2021,232.257,7.304,,48,5.103,,,,,,,,,,,,,,
192,14.07.2021,238.867,6.907,,43,5.063,,,,,,,,,,,,,,
193,13.07.2021,234.439,6.285,,46,5.162,,,,,,,,,,,,,,
194,12.07.2021,227.273,5.404,,49,5.506,,,,,,,,,,,,,,
195,11.07.2021,222.068,5.261,,37,5.242,,,,,,,,,,,,,,
196,10.07.2021,224.184,5.530,,37,5.217,,,,,,,,,,,,,,
197,09.07.2021,228.826,5.670,,59,5.126,,,,,,,,,,,,,,
198,08.07.2021,226.427,5.171,,48,5.012,,,,,,,,,,,,,,
199,07.07.2021,225.253,5.160,,52,4.636,,,,,,,,,,,,,,
200,06.07.2021,226.651,5.299,,37,4.446,,,,,,,,,,,,,,
201,05.07.2021,219.737,4.678,,35,4.735,,,,,,,,,,,,,,
202,04.07.2021,216.252,4.418,404,50,4.161,,,,,,,,,,,,,,
203,03.07.2021,218.924,4.537,478,45,4.913,61.455.218,5.440.368,49.874,5.310.769,,,"3,7",702,"52,4","61,5","28,1",,8,"99,9"
204,02.07.2021,223.782,4.891,461,55,5.352,61.236.294,5.435.831,49.829,5.305.856,,,"3,7",697,"52,4","61,5","28,1",,8,"99,9"
205,01.07.2021,225.537,5.288,462,42,6.219,61.012.512,5.430.940,49.774,5.300.504,,,"3,7",706,"52,4","61,5","28,1",,8,"99,9"
206,30.06.2021,228.163,5.496,522,45,7.191,60.786.975,5.425.652,49.732,5.294.285,,,"3,7",727,"52,4","61,5","28,1",,8,"99,9"
207,29.06.2021,229.846,5.846,510,53,6.536,60.558.812,5.420.156,49.687,5.287.094,,,"3,7",730,"52,4","61,5","28,1",,8,"99,9"
208,28.06.2021,223.525,5.283,431,58,5.327,60.328.966,5.414.310,49.634,5.280.558,,,"2,9",751,"49,3","63,3","27,0",,8,"99,9"
209,27.06.2021,215.294,4.883,390,52,5.937,60.105.441,5.409.027,49.576,5.275.231,,,"2,9",736,"49,3","63,3","27,0",,8,"99,9"
210,26.06.2021,222.561,5.266,470,51,7.402,59.890.147,5.404.144,49.524,5.269.294,,,"2,9",733,"49,3","63,3","27,0",,8,"99,9"
211,25.06.2021,222.936,5.630,477,56,7.184,59.667.586,5.398.878,49.473,5.261.892,,,"2,9",737,"49,3","63,3","27,0",,8,"99,9"
212,24.06.2021,223.385,5.703,498,59,5.846,59.444.650,5.393.248,49.417,5.254.708,,,"2,9",752,"49,3","63,3","27,0",,8,"99,9"
213,23.06.2021,224.192,5.809,550,65,5.917,59.221.265,5.387.545,49.358,5.248.862,,,"2,9",763,"49,3","63,3","27,0",,8,"99,9"
214,22.06.2021,223.238,6.143,565,57,5.214,58.997.073,5.381.736,49.293,5.242.945,,,"2,9",791,"49,3","63,3","27,0",,8,"99,9"
215,21.06.2021,221.052,5.294,429,51,5.093,58.773.835,5.375.593,49.236,5.237.731,,,"2,9",808,"49,3","63,3","27,0",,8,"99,9"
216,20.06.2021,213.297,5.091,409,63,4.219,58.552.783,5.370.299,49.185,5.232.638,,,"3,4",813,"50,4","60,2","27,9",,8,"99,9"
217,19.06.2021,215.496,5.480,494,51,4.195,58.339.486,5.365.208,49.122,5.228.419,,,"3,4",829,"50,4","60,2","27,9",,8,"99,9"
218,18.06.2021,224.128,5.575,497,59,4.427,58.123.990,5.359.728,49.071,5.224.224,,,"3,4",856,"50,4","60,2","27,9",,8,"99,9"
219,17.06.2021,225.064,5.904,509,62,4.143,57.899.862,5.354.153,49.012,5.219.797,,,"3,4",860,"50,4","60,2","27,9",,8,"99,9"
220,16.06.2021,227.163,6.221,548,71,4.632,57.674.798,5.348.249,48.950,5.215.654,,,"3,4",881,"50,4","60,2","27,9",,8,"99,9"
221,15.06.2021,223.846,5.955,532,84,4.186,57.447.635,5.342.028,48.879,5.211.022,,,"3,4",886,"50,4","60,2","27,9",,"8,0","99,9"
222,14.06.2021,219.290,5.626,428,74,4.585,57.223.789,5.336.073,48.795,5.206.836,,,"3,4",929,"50,4","60,2","27,9",,"8,0","99,9"
223,13.06.2021,214.957,5.012,454,53,4.194,57.004.499,5.330.447,48.721,5.202.251,,,"2,7",952,"49,9","60,0","27,8",,"7,0","99,9"
224,12.06.2021,218.758,6.076,503,75,5.112,56.789.542,5.325.435,48.668,5.198.057,,,"2,7",973,"49,9","60,0","27,8",,"7,0","99,9"
225,11.06.2021,224.128,6.261,561,69,6.217,56.570.784,5.319.359,48.593,5.192.945,,,"2,7",997,"49,9","60,0","27,8",,"7,0","99,9"
226,10.06.2021,223.320,6.408,563,96,6.895,56.346.656,5.313.098,48.524,5.186.728,,,"2,7",1.009,"49,9","60,0","27,8",,"7,0","99,9"
227,09.06.2021,224.193,6.454,558,87,6.647,56.123.336,5.306.690,48.428,5.179.833,,,"2,7",1.018,"49,9","60,0","27,8",,"7,0","99,9"
228,08.06.2021,225.527,6.609,557,86,5.836,55.899.143,5.300.236,48.341,5.173.186,,,"2,7",1.044,"49,9","60,0","27,8",,"7,0","99,9"
229,07.06.2021,218.164,5.647,495,91,6.576,55.673.616,5.293.627,48.255,5.167.350,,,"2,7",1.060,"49,9","60,0","27,8",,"7,0","99,9"
230,06.06.2021,204.827,5.386,482,96,6.003,55.455.452,5.287.980,48.164,5.160.774,,,"2,8",1.096,"49,9","62,8","27,6",,"7,5","99,9"
231,05.06.2021,216.156,6.126,542,92,7.161,55.250.625,5.282.594,48.068,5.154.771,,,"2,8",1.147,"49,9","62,8","27,6",,"7,5","99,9"
232,04.06.2021,224.681,6.169,552,94,7.617,55.034.469,5.276.468,47.976,5.147.610,,,"2,8",1.183,"49,9","62,8","27,6",,"7,5","99,9"
233,03.06.2021,222.847,6.602,563,114,8.540,54.809.788,5.270.299,47.882,5.139.993,,,"2,8",1.219,"49,9","62,8","27,6",,"7,5","99,9"
234,02.06.2021,224.150,7.181,586,112,7.372,54.586.941,5.263.697,47.768,5.131.453,,,"2,8",1.213,"49,9","62,8","27,6",,"7,5","99,9"
235,01.06.2021,223.482,7.112,602,129,9.457,54.362.791,5.256.516,47.656,5.124.081,,,"2,8",1.241,"49,9","62,8","27,6",,"7,5","99,9"
236,31.05.2021,219.461,6.493,596,122,9.582,54.139.309,5.249.404,47.527,5.114.624,,,"2,8",1.339,"49,9","62,8","27,6",,"7,5","99,9"
237,30.05.2021,218.957,6.933,582,134,10.763,53.919.848,5.242.911,47.405,5.105.042,,,"3,1",1.390,"49,1","61,9","29,9",,8,"99,9"
238,29.05.2021,222.613,7.656,605,137,11.180,53.700.891,5.235.978,47.271,5.094.279,,,"3,1",1.391,"49,1","61,9","29,9",,8,"99,9"
239,28.05.2021,220.162,7.773,656,164,12.284,53.478.278,5.228.322,47.134,5.083.099,,,"3,1",1.454,"49,1","61,9","29,9",,8,"99,9"
240,27.05.2021,219.465,8.426,673,183,13.102,53.258.116,5.220.549,46.970,5.070.815,,,"3,1",1.504,"49,1","61,9","29,9",,8,"99,9"
241,26.05.2021,221.214,8.738,681,166,12.205,53.038.651,5.212.123,46.787,5.057.713,,,"3,1",1.561,"49,1","61,9","29,9",,8,"99,9"
242,25.05.2021,223.104,9.375,693,175,11.192,52.817.437,5.203.385,46.621,5.045.508,,,"3,1",1.667,"49,1","61,9","29,9",,8,"99,9"
243,24.05.2021,216.655,7.523,702,178,10.003,52.594.333,5.194.010,46.446,5.034.316,,,"3,1",1.745,"49,1","61,9","29,9",,8,"99,9"
244,23.05.2021,210.291,7.839,710,197,11.202,52.377.678,5.186.487,46.268,5.024.313,,,"3,2",1.843,"45,5","62,5","30,7",,8,"99,9"
245,22.05.2021,216.658,8.697,835,231,14.472,52.167.387,5.178.648,46.071,5.013.111,,,"3,2",1.876,"45,5","62,5","30,7",,8,"99,9"
246,21.05.2021,218.846,9.528,846,214,8.852,51.950.729,5.169.951,45.840,4.998.639,,,"3,2",1.977,"45,5","62,5","30,7",,8,"99,9"
247,20.05.2021,219.192,9.385,856,207,9.271,51.731.883,5.160.423,45.626,4.989.787,,,"3,2",2.041,"45,5","62,5","30,7",,8,"99,9"
248,19.05.2021,218.683,11.553,902,233,9.271,51.512.691,5.151.038,45.419,4.980.516,,,"3,2",2.162,"45,5","62,5","30,7",,8,"99,9"
249,18.05.2021,217.276,11.937,916,203,10.125,51.294.008,5.139.485,45.186,4.971.245,,,"3,2",2.232,"45,5","62,5","30,7",,8,"99,9"
250,17.05.2021,206.836,10.174,923,223,13.864,51.076.732,5.127.548,44.983,4.961.120,,,"3,2",2.326,"45,5","62,5","30,7",,8,"99,9"
251,16.05.2021,202.243,10.512,920,223,14.418,50.869.896,5.117.374,44.760,4.947.256,,,"4,0",2.468,"43,7","65,0","32,4",,8,"99,9"
252,15.05.2021,204.637,11.472,1.084,236,38.814,50.667.653,5.106.862,44.537,4.932.838,,,"4,0",2.563,"43,7","65,0","32,4",,8,"99,9"
253,14.05.2021,203.073,11.394,1.102,242,37.261,50.463.016,5.095.390,44.301,4.894.024,,,"4,0",2.670,"43,7","65,0","32,4",,8,"99,9"
254,13.05.2021,201.295,11.534,1.217,238,55.472,50.259.943,5.083.996,44.059,4.856.763,,,"4,0",2.765,"43,7","65,0","32,4",,8,"99,9"
255,12.05.2021,228.192,13.029,1.496,232,35.167,50.058.648,5.072.462,43.821,4.801.291,,,"4,0",2.827,"43,7","65,0","32,4",,8,"99,9"
256,11.05.2021,226.452,14.497,1.582,278,22.253,49.830.456,5.059.433,43.589,4.766.124,,,"4,0",2.975,"43,7","65,0","32,4",,8,"99,9"
257,10.05.2021,213.863,13.604,1.734,282,26.953,49.604.004,5.044.936,43.311,4.743.871,,,"4,0",2.983,"43,7","65,0","32,4",,8,"99,9"
258,09.05.2021,197.468,15.191,2.102,283,25.694,49.390.141,5.031.332,43.029,4.716.918,,,"3,2",3.081,"53,1","68,2","33,8",,8,"99,9"
259,08.05.2021,228.873,18.052,2.178,281,28.896,49.192.673,5.016.141,42.746,4.691.224,,,"3,2",3.175,"53,1","68,2","33,8",,8,"99,9"
260,07.05.2021,251.194,20.107,2.210,278,35.529,48.963.800,4.998.089,42.465,4.662.328,,,"3,2",3.260,"53,1","68,2","33,8",,8,"99,9"
261,06.05.2021,253.382,22.388,2.401,304,37.298,48.712.606,4.977.982,42.187,4.626.799,,,"3,2",3.378,"53,1","68,2","33,8",,8,"99,9"
262,05.05.2021,229.491,26.476,2.414,356,35.464,48.459.224,4.955.594,41.883,4.589.501,,,"3,2",3.418,"53,1","68,2","33,8",,8,"99,9"
263,04.05.2021,241.747,28.997,2.483,336,38.218,48.229.733,4.929.118,41.527,4.554.037,,,"3,2",3.452,"53,1","68,2","33,8",,8,"99,9"
264,03.05.2021,243.648,24.733,2.501,347,35.438,47.987.986,4.900.121,41.191,4.515.819,,,"3,2",3.438,"53,1","68,2","33,8",,8,"99,9"
265,02.05.2021,240.145,25.980,2.587,340,75.182,47.744.338,4.875.388,40.844,4.480.381,,,"2,4",3.532,57,"71,6","35,2",,"9,1","99,9"
266,01.05.2021,242.194,28.817,2.615,373,81.302,47.504.193,4.849.408,40.504,4.405.199,,,"2,4",3.525,57,"71,6","35,2",,"9,1","99,9"
267,30.04.2021,265.287,31.891,2.673,394,68.183,47.261.999,4.820.591,40.131,4.323.897,,,"2,4",3.534,57,"71,6","35,2",,"9,1","99,9"
268,29.04.2021,278.108,37.674,2.715,339,43.253,46.996.712,4.788.700,39.737,4.255.714,,,"2,4",3.581,57,"71,6","35,2",,"9,1","99,9"
269,28.04.2021,283.261,40.444,2.728,341,45.198,46.718.604,4.751.026,39.398,4.212.461,,,"2,4",3.558,57,"71,6","35,2",,"9,1","99,9"
270,27.04.2021,282.192,43.301,2.703,346,45.592,46.435.343,4.710.582,39.057,4.167.263,,,"2,4",3.549,57,"71,6","35,2",,"9,1","99,9"
271,26.04.2021,268.893,37.312,2.716,353,48.027,46.153.151,4.667.281,38.711,4.121.671,,,"2,4",3.563,57,"71,6","35,2",,"9,1","99,9"
272,25.04.2021,260.280,38.553,2.801,347,51.236,45.884.258,4.629.969,38.358,4.073.644,,,"2,9",3.590,"56,3","69,1","35,7",,9,"99,9"
273,24.04.2021,281.183,40.596,2.905,339,52.297,45.623.978,4.591.416,38.011,4.022.408,,,"2,9",3.511,"56,3","69,1","35,7",,9,"99,9"
274,23.04.2021,302.091,49.438,3.089,343,60.176,45.342.795,4.550.820,37.672,3.970.111,,,"2,9",3.475,"56,3","69,1","35,7",,9,"99,9"
275,22.04.2021,312.109,54.791,3.128,354,65.593,45.040.704,4.501.382,37.329,3.909.935,,,"2,9",3.463,"56,3","69,1","35,7",,9,"99,9"
276,21.04.2021,318.839,61.967,2.932,362,52.213,44.728.595,4.446.591,36.975,3.844.342,,,"2,9",3.398,"56,3","69,1","35,7",,9,"99,9"
277,20.04.2021,322.128,61.028,2.895,346,55.592,44.409.756,4.384.624,36.613,3.792.129,,,"2,9",3.375,"56,3","69,1","35,7",,9,"99,9"
278,19.04.2021,318.869,55.149,2.862,341,48.947,44.087.628,4.323.596,36.267,3.736.537,,,"2,9",3.319,"56,3","69,1","35,7",,9,"99,9"
279,18.04.2021,301.243,55.802,3.101,318,43.856,43.768.759,4.268.447,35.926,3.687.590,,,"3,3",3.275,"56,7","68,8","34,9",,9,"99,9"
280,17.04.2021,319.316,62.606,2.973,288,52.184,43.467.516,4.212.645,35.608,3.643.734,,,"3,3",3.240,"56,7","68,8","34,9",,9,"99,9"
281,16.04.2021,320.078,63.082,2.915,289,56.510,43.148.200,4.150.039,35.320,3.591.550,,,"3,3",3.205,"56,7","68,8","34,9",,9,"99,9"
282,15.04.2021,318.217,61.400,2.845,297,54.894,42.828.122,4.086.957,35.031,3.535.040,,,"3,3",3.080,"56,7","68,8","34,9",,9,"99,9"
283,14.04.2021,310.420,62.797,2.802,279,55.413,42.509.905,4.025.557,34.734,3.480.146,,,"3,3",3.018,"56,7","68,8","34,9",,9,"99,9"
284,13.04.2021,306.563,59.187,2.723,273,52.104,42.199.485,3.962.760,34.455,3.424.733,,,"3,3",2.951,"56,7","68,8","34,9",,9,"99,9"
285,12.04.2021,301.068,54.562,2.671,243,41.218,41.892.922,3.903.573,34.182,3.372.629,,,"3,3",2.891,"56,7","68,8","34,9",,9,"99,9"
286,11.04.2021,294.274,50.678,2.548,237,30.194,41.591.854,3.849.011,33.939,3.331.411,,,"3,1",2.824,"55,7","66,5",33,,9,"99,9"
287,10.04.2021,302.735,52.676,2.497,248,32.539,41.297.580,3.798.333,33.702,3.301.217,,,"3,1",2.739,"55,7","66,5",33,,9,"99,9"
288,09.04.2021,305.103,55.791,2.408,253,35.786,40.994.845,3.745.657,33.454,3.268.678,,,"3,1",2.658,"55,7","66,5",33,,9,"99,9"
289,08.04.2021,304.492,55.941,2.316,258,37.914,40.689.742,3.689.866,33.201,3.232.892,,,"3,1",2.615,"55,7","66,5",33,,9,"99,9"
290,07.04.2021,302.108,54.740,2.203,276,35.503,40.385.250,3.633.925,32.943,3.194.978,,,"3,1",2.604,"55,7","66,5",33,,9,"99,9"
291,06.04.2021,271.547,49.584,2.003,211,28.498,40.083.142,3.579.185,32.667,3.159.475,,,"3,1",2.477,"55,7","66,5",33,,9,"99,9"
292,05.04.2021,245.496,42.551,1.706,193,25.627,39.811.595,3.529.601,32.456,3.130.977,,,"3,1",2.407,"55,7","66,5",33,,9,"99,9"
293,04.04.2021,246.210,41.998,1.508,185,22.674,39.566.099,3.487.050,32.263,3.105.350,,,"3,6",2.311,"54,2","63,2","27,1",,9,"99,9"
294,03.04.2021,249.126,44.756,1.483,186,23.214,39.319.889,3.445.052,32.078,3.082.676,,,"3,6",2.231,"54,2","63,2","27,1",,9,"99,9"
295,02.04.2021,248.968,42.308,1.471,179,24.419,39.070.763,3.400.296,31.892,3.059.462,,,"3,6",2.182,"54,2","63,2","27,1",,9,"99,9"
296,01.04.2021,243.738,40.806,1.424,176,20.817,38.821.795,3.357.988,31.713,3.035.043,,,"3,6",2.135,"54,2","63,2","27,1",,9,"99,9"
297,31.03.2021,240.012,39.302,1.401,152,19.193,38.578.057,3.317.182,31.537,3.014.226,,,"3,6",2.082,"54,2","63,2","27,1",,9,"99,9"
298,30.03.2021,235.298,37.303,1.376,155,19.925,38.338.045,3.277.880,31.385,2.995.033,,,"3,6",2.054,"54,2","63,2","27,1",,9,"99,9"
299,29.03.2021,225.511,32.404,1.325,154,18.015,38.102.747,3.240.577,31.230,2.975.108,,,"3,6",1.998,"54,2","63,2","27,1",,9,"99,9"
300,28.03.2021,220.109,29.058,1.305,153,17.164,37.877.236,3.208.173,31.076,2.957.093,,,"4,2",1.968,"53,8","65,0","23,3",,9,"99,9"
301,27.03.2021,223.214,30.021,1.281,151,18.892,37.657.127,3.179.115,30.923,2.939.929,,,"4,2",1.886,"53,8","65,0","23,3",,9,"99,9"
302,26.03.2021,220.985,29.081,1.253,153,20.208,37.433.913,3.149.094,30.772,2.921.037,,,"4,2",1.810,"53,8","65,0","23,3",,9,"99,9"
303,25.03.2021,222.753,28.731,1.210,157,19.186,37.212.928,3.120.013,30.619,2.900.829,,,"4,2",1.790,"53,8","65,0","23,3",,9,"99,9"
304,24.03.2021,221.738,29.762,1.142,146,17.761,36.990.175,3.091.282,30.462,2.881.643,,,"4,2",1.720,"53,8","65,0","23,3",,9,"99,9"
305,23.03.2021,211.848,26.182,1.006,138,19.201,36.768.437,3.061.520,30.316,2.863.882,,,"4,2",1.710,"53,8","65,0","23,3",,9,"99,9"
306,22.03.2021,201.215,22.216,981,117,19.494,36.556.589,3.035.338,30.178,2.844.681,,,"4,2",1.644,"53,8","65,0","23,3",,9,"99,9"
307,21.03.2021,189.906,20.428,965,102,17.615,36.355.374,3.013.122,30.061,2.825.187,,,"3,2",1.568,"51,6","66,2","29,8",,9,"99,9"
308,20.03.2021,190.129,21.061,958,95,18.815,36.165.468,2.992.694,29.959,2.807.572,,,"3,2",1.538,"51,6","66,2","29,8",,9,"99,9"
309,19.03.2021,187.859,21.030,934,87,18.119,35.975.339,2.971.633,29.864,2.788.757,,,"3,2",1.547,"51,6","66,2","29,8",,9,"99,9"
310,18.03.2021,184.452,20.049,902,81,18.615,35.787.480,2.950.603,29.777,2.770.638,,,"3,2",1.503,"51,6","66,2","29,8",,9,"99,9"
311,17.03.2021,167.526,18.912,869,73,17.161,35.603.028,2.930.554,29.696,2.752.023,,,"3,2",1.484,"51,6","66,2","29,8",,9,"99,9"
312,16.03.2021,158.386,16.749,874,71,17.893,35.435.502,2.911.642,29.623,2.734.862,,,"3,2",1.474,"51,6","66,2","29,8",,9,"99,9"
313,15.03.2021,151.113,15.503,858,63,15.893,35.277.116,2.894.893,29.552,2.716.969,,,"3,2",1.425,"51,6","66,2","29,8",,9,"99,9"
314,14.03.2021,132.425,13.378,852,68,15.516,35.126.003,2.879.390,29.489,2.701.076,,,"3,8",1.392,"51,5","62,4","31,0",,8,"99,9"
315,13.03.2021,150.098,15.082,841,65,15.287,34.993.578,2.866.012,29.421,2.685.560,,,"3,8",1.350,"51,5","62,4","31,0",,8,"99,9"
316,12.03.2021,148.856,14.941,834,66,11.180,34.843.480,2.850.930,29.356,2.670.273,,,"3,8",1.349,"51,5","62,4","31,0",,8,"99,9"
317,11.03.2021,146.386,14.046,821,63,9.231,34.694.624,2.835.989,29.290,2.659.093,,,"3,8",1.310,"51,5","62,4","31,0",,8,"99,9"
318,10.03.2021,145.130,14.556,814,67,9.193,34.548.238,2.821.943,29.227,2.649.862,,,"3,8",1.309,"51,5","62,4","31,0",,8,"99,9"
319,09.03.2021,140.828,13.755,801,66,8.639,34.403.108,2.807.387,29.160,2.640.669,,,"3,8",1.289,"51,5","62,4","31,0",,8,"99,9"
320,08.03.2021,139.429,13.215,767,64,8.106,34.262.280,2.793.632,29.094,2.632.030,,,"3,8",1.239,"51,5","62,4","31,0",,8,"99,9"
321,07.03.2021,129.299,11.187,735,65,7.785,34.122.851,2.780.417,29.030,2.623.924,,,"3,6",1.261,"49,1","63,2","28,3",,8,"99,9"
322,06.03.2021,138.592,11.770,702,64,7.291,33.993.552,2.769.230,28.965,2.616.139,,,"3,6",1.230,"49,1","63,2","28,3",,8,"99,9"
323,05.03.2021,138.214,11.302,698,62,7.711,33.854.960,2.757.460,28.901,2.608.848,,,"3,6",1.232,"49,1","63,2","28,3",,8,"99,9"
324,04.03.2021,137.885,11.322,685,68,7.873,33.716.746,2.746.158,28.839,2.601.137,,,"3,6",1.220,"49,1","63,2","28,3",,8,"99,9"
325,03.03.2021,138.018,11.520,689,65,7.191,33.578.861,2.734.836,28.771,2.593.264,,,"3,6",1.224,"49,1","63,2","28,3",,8,"99,9"
326,02.03.2021,135.291,11.837,668,68,7.892,33.440.843,2.723.316,28.706,2.586.073,,,"3,6",1.227,"49,1","63,2","28,3",,8,"99,9"
327,01.03.2021,130.536,9.891,645,69,5.947,33.305.552,2.711.479,28.638,2.578.181,,,"3,6",1.215,"49,1","63,2","28,3",,8,"99,9"
328,28.02.2021,109.639,8.424,610,66,6.511,33.175.016,2.701.588,28.569,2.572.234,,,"4,2",1.191,"48,5","60,3","30,4",,8,"99,9"
329,27.02.2021,125.716,9.193,621,71,8.938,33.065.377,2.693.164,28.503,2.565.723,,,"4,2",1.187,"48,5","60,3","30,4",,8,"99,9"
330,26.02.2021,128.387,9.205,649,74,10.282,32.939.661,2.683.971,28.432,2.556.785,,,"4,2",1.195,"48,5","60,3","30,4",,8,"99,9"
331,25.02.2021,126.527,9.572,658,73,6.210,32.811.274,2.674.766,28.358,2.546.503,,,"4,2",1.192,"48,5","60,3","30,4",,8,"99,9"
332,24.02.2021,124.015,9.561,660,72,5.297,32.684.747,2.665.194,28.285,2.540.293,,,"4,2",1.200,"48,5","60,3","30,4",,8,"99,9"
333,23.02.2021,123.734,9.107,633,75,5.546,32.560.732,2.655.633,28.213,2.534.996,,,"4,2",1.185,"48,5","60,3","30,4",,8,"99,9"
334,22.02.2021,118.816,8.104,623,78,5.690,32.436.998,2.646.526,28.138,2.529.450,,,"4,2",1.189,"48,5","60,3","30,4",,8,"99,9"
335,21.02.2021,101.105,6.546,601,77,5.002,32.318.182,2.638.422,28.060,2.523.760,,,"3,6",1.185,"47,9","59,6","30,1",,8,"99,9"
336,20.02.2021,118.911,7.857,635,80,7.210,32.217.077,2.631.876,27.983,2.518.758,,,"3,6",1.180,"47,9","59,6","30,1",,8,"99,9"
337,19.02.2021,116.674,7.419,638,82,7.498,32.098.166,2.624.019,27.903,2.511.548,,,"3,6",1.185,"47,9","59,6","30,1",,8,"99,9"
338,18.02.2021,115.406,7.241,640,83,7.217,31.981.492,2.616.600,27.821,2.504.050,,,"3,6",1.187,"47,9","59,6","30,1",,8,"99,9"
339,17.02.2021,117.121,7.325,649,86,7.209,31.866.086,2.609.359,27.738,2.496.833,,,"3,6",1.193,"47,9","59,6","30,1",,8,"99,9"
340,16.02.2021,115.794,7.906,658,90,7.189,31.748.965,2.602.034,27.652,2.489.624,,,"3,6",1.201,"47,9","59,6","30,1",,8,"99,9"
341,15.02.2021,116.452,7.945,660,91,7.106,31.633.171,2.594.128,27.562,2.482.435,,,"3,6",1.232,"47,9","59,6","30,1",,8,"99,9"
342,14.02.2021,104.108,6.287,666,94,6.910,31.516.719,2.586.183,27.471,2.475.329,,,"3,7",1.230,"47,5","59,7","29,5",,7,"99,9"
343,13.02.2021,123.305,7.706,671,93,7.215,31.412.611,2.579.896,27.377,2.468.419,,,"3,7",1.235,"47,5","59,7","29,5",,7,"99,9"
344,12.02.2021,129.630,7.763,667,97,8.108,31.289.306,2.572.190,27.284,2.461.204,,,"3,7",1.250,"47,5","59,7","29,5",,7,"99,9"
345,11.02.2021,130.313,7.590,660,94,7.811,31.159.676,2.564.427,27.187,2.453.096,,,"3,7",1.256,"47,5","59,7","29,5",,7,"99,9"
346,10.02.2021,135.867,8.642,664,95,7.903,31.029.363,2.556.837,27.093,2.445.285,,,"3,7",1.308,"47,5","59,7","29,5",,7,"99,9"
347,09.02.2021,137.712,8.636,659,98,8.109,30.893.496,2.548.195,26.998,2.437.382,,,"3,7",1.310,"47,5","59,7","29,5",,7,"99,9"
348,08.02.2021,139.378,8.103,632,103,8.567,30.755.784,2.539.559,26.900,2.429.273,,,"3,7",1.310,"47,5","59,7","29,5",,7,"99,9"
349,07.02.2021,129.715,6.670,623,112,8.201,30.616.406,2.531.456,26.797,2.420.706,,,"4,9",1.317,"45,4","59,1","27,1",,6,"99,9"
350,06.02.2021,137.649,7.897,618,108,8.089,30.486.691,2.524.786,26.685,2.412.505,,,"4,9",1.337,"45,4","59,1","27,1",,6,"99,9"
351,05.02.2021,142.538,7.901,620,110,8.217,30.349.042,2.516.889,26.577,2.404.416,,,"4,9",1.423,"45,4","59,1","27,1",,6,"99,9"
352,04.02.2021,145.067,7.909,627,113,8.815,30.206.504,2.508.988,26.467,2.396.199,,,"4,9",1.501,"45,4","59,1","27,1",,6,"99,9"
353,03.02.2021,148.192,8.102,632,117,8.314,30.061.437,2.501.079,26.354,2.387.384,,,"4,9",1.523,"45,4","59,1","27,1",,6,"99,9"
354,02.02.2021,140.120,7.795,630,120,8.639,29.913.245,2.492.977,26.237,2.379.070,,,"4,9",1.592,"45,4","59,1","27,1",,6,"99,9"
355,01.02.2021,141.703,7.719,636,124,8.016,29.773.125,2.485.182,26.117,2.370.431,,,"4,9",1.615,"45,4","59,1","27,1",,6,"99,9"
356,31.01.2021,136.418,6.562,641,128,7.006,29.631.422,2.477.463,25.993,2.362.415,,,"4,7",1.634,"45,2","59,0","30,1",,8,"99,9"
357,30.01.2021,148.785,6.871,658,129,7.100,29.495.004,2.470.901,25.865,2.355.409,,,4.7,1.692,"45,2","59,0","30,1",,8,"99,9"
358,29.01.2021,165.094,6.912,664,131,8.093,29.346.219,2.464.030,25.736,2.348.309,,,"4,7",1.740,"45,2","59,0","30,1",,8,"99,9"
359,28.01.2021,173.210,7.279,670,129,8.902,29.181.125,2.457.118,25.605,2.340.216,,,"4,7",1.751,"45,2","59,0","30,1",,8,"99,9"
360,27.01.2021,179.419,7.489,675,132,8.803,29.007.915,2.449.839,25.476,2.331.314,,,"4,7",1.765,"45,2","59,0","30,1",,8,"99,9"
361,26.01.2021,180.303,7.103,681,134,8.108,28.828.496,2.442.350,25.344,2.322.511,,,"4,7",1.791,"45,2","59,0","30,1",,8,"99,9"
362,25.01.2021,151.109,5.642,671,137,6.682,28.648.193,2.435.247,25.210,2.314.403,,,"4,7",1.808,"45,2","59,0","30,1",,8,"99,9"
363,24.01.2021,148.425,5.277,684,140,5.860,28.497.084,2.429.605,25.073,2.307.721,,,"5,1",1.905,"45,5","59,8","31,2",,8,"99,9"
364,23.01.2021,152.758,5.856,723,144,5.811,28.348.659,2.424.328,24.933,2.301.861,,,"5,1",1.962,"45,5","59,8","31,2",,8,"99,9"
365,22.01.2021,163.342,5.967,734,149,6.018,28.195.901,2.418.472,24.789,2.296.050,,,"5,1",2.003,"45,5","59,8","31,2",,8,"99,9"
366,21.01.2021,165.109,6.289,743,153,6.113,28.032.559,2.412.505,24.640,2.290.032,,,"5,1",2.074,"45,5","59,8","31,2",,8,"99,9"
367,20.01.2021,168.894,6.435,752,159,5.932,27.867.450,2.406.216,24.487,2.283.919,,,"5,1",2.102,"45,5","59,8","31,2",,8,"99,9"
368,19.01.2021,175.133,6.818,761,167,7.218,27.698.556,2.399.781,24.328,2.277.987,,,"5,1",2.162,"45,5","59,8","31,2",,8,"99,9"
369,18.01.2021,151.342,5.862,749,164,7.905,27.523.423,2.392.963,24.161,2.270.769,,,"5,1",2.183,"45,5","59,8","31,2",,8,"99,9"
370,17.01.2021,148.636,6.436,803,165,8.812,27.372.081,2.387.101,23.997,2.262.864,,,"4,5",2.201,"45,5","60,6","31,4",,8,"99,9"
371,16.01.2021,156.792,7.550,902,168,8.005,27.223.445,2.380.665,23.832,2.254.052,,,"4,5",2.265,"45,5","60,6","31,4",,8,"99,9"
372,15.01.2021,167.211,8.314,921,169,9.109,27.066.653,2.373.115,23.664,2.246.047,,,"4,5",2.311,"45,5","60,6","31,4",,8,"99,9"
373,14.01.2021,169.847,8.962,958,170,9.011,26.899.442,2.364.801,23.495,2.236.938,,,"4,5",2.512,"45,5","60,6","31,4",,8,"99,9"
374,13.01.2021,173.603,9.554,971,173,9.463,26.729.595,2.355.839,23.325,2.227.927,,,"4,5",2.652,"45,5","60,6","31,4",,8,"99,9"
375,12.01.2021,179.208,9.809,983,171,10.013,26.555.992,2.346.285,23.152,2.218.464,,,"4,5",2.701,"45,5","60,6","31,4",,8,"99,9"
376,11.01.2021,180.303,10.220,1.003,174,10.301,26.376.784,2.336.476,22.981,2.208.451,,,"4,5",2.783,"45,5","60,6","31,4",,8,"99,9"
377,10.01.2021,162.786,9.138,1.017,176,8.103,26.196.481,2.326.256,22.807,2.198.150,,,"4,3",2.811,"44,2","61,7","32,4",,10,"99,9"
378,09.01.2021,168.289,9.537,1.103,181,7.902,26.033.695,2.317.118,22.631,2.190.047,,,"4,3",2.903,"44,2","61,7","32,4",,10,"99,9"
379,08.01.2021,184.193,11.479,1.291,186,9.894,25.865.406,2.307.581,22.450,2.182.145,,,"4,3",3.094,"44,2","61,7","32,4",,10,"99,9"
380,07.01.2021,183.003,12.171,1.370,194,8.211,25.681.213,2.296.102,22.264,2.172.251,,,"4,3",3.201,"44,2","61,7","32,4",,10,"99,9"
381,06.01.2021,182.645,13.830,1.458,191,8.702,25.498.210,2.283.931,22.070,2.164.040,,,"4,3",3.303,"44,2","61,7","32,4",,10,"99,9"
382,05.01.2021,183.413,14.494,1.477,194,8.908,25.315.565,2.270.101,21.879,2.155.338,,,"4,3",3.410,"44,2","61,7","32,4",,10,"99,9"
383,04.01.2021,181.323,13.695,1.508,197,9.896,25.132.152,2.255.607,21.685,2.146.430,,,"4,3",3.522,"44,2","61,7","32,4",,10,"99,9"
384,03.01.2021,138.941,9.877,1.515,193,10.102,24.950.829,2.241.912,21.488,2.136.534,,,"3,8",3.612,"49,1","68,1","36,2",,9,"99,9"
385,02.01.2021,149.218,11.180,1.713,202,11.672,24.811.888,2.232.035,21.295,2.126.432,,,"3,8",3.764,"49,1","68,1","36,2",,9,"99,9"
386,01.01.2021,158.103,12.203,1.908,212,14.110,24.662.670,2.220.855,21.093,2.114.760,,,"3,8",3.891,"49,1","68,1","36,2",,9,"99,9"
387,31.12.2020,178.217,14.380,2.219,239,22.021,24.504.567,2.208.652,20.881,2.100.650,,,"3,8",3.918,"49,1","68,1","36,2",,9,"99,9"
388,30.12.2020,184.415,15.692,2.612,254,20.192,24.326.350,2.194.272,20.642,2.078.629,,,"3,8",4.098,"49,1","68,1","36,2",,9,"99,9"
389,29.12.2020,183.117,15.805,2.783,253,21.004,24.141.935,2.178.580,20.388,2.058.437,,,"3,8",4.191,"49,1","68,1","36,2",,9,"99,9"
390,28.12.2020,180.892,15.197,2.816,257,22.203,23.958.818,2.162.775,20.135,2.037.433,,,"3,8",4.251,"49,1","68,1","36,2",,9,"99,9"
391,27.12.2020,172.113,14.205,2.806,254,21.196,23.777.926,2.147.578,19.878,2.015.230,,,"4,1",4.309,"50,8","68,2","40,0",,10,"99,9"
392,26.12.2020,178.872,15.118,3.002,253,23.231,23.605.813,2.133.373,19.624,1.994.034,,,"4,1",4.501,"50,8","68,2","40,0",,10,"99,9"
393,25.12.2020,201.104,17.543,3.199,256,35.511,23.426.941,2.118.255,19.371,1.970.803,,,"4,1",4.702,"50,8","68,2","40,0",,10,"99,9"
394,24.12.2020,195.675,18.102,3.218,254,33.985,23.225.837,2.100.712,19.115,1.935.292,,,"4,1",4.805,"50,8","68,2","40,0",,10,"99,9"
395,23.12.2020,202.209,19.650,3.192,259,34.492,23.030.162,2.082.610,18.861,1.901.307,,,"4,1",4.901,"50,8","68,2","40,0",,10,"99,9"
396,22.12.2020,192.316,19.256,3.309,251,32.110,22.827.953,2.062.960,18.602,1.866.815,,,"4,1",5.008,"50,8","68,2","40,0",,10,"99,9"
397,21.12.2020,196.110,19.103,3.412,254,34.419,22.635.637,2.043.704,18.351,1.834.705,,,"4,1",5.192,"50,8","68,2","40,0",,10,"99,9"
398,20.12.2020,158.892,20.316,3.546,246,21.218,22.439.527,2.024.601,18.097,1.800.286,,,"2,9",5.347,"55,8","73,7","41,5",,10,"99,9"
399,19.12.2020,173.132,22.195,4.002,241,25.516,22.280.635,2.004.285,17.851,1.779.068,,,"2,9",5.501,"55,8","73,7","41,5",,10,"99,9"
400,18.12.2020,205.809,26.410,4.103,246,31.945,22.107.503,1.982.090,17.610,1.753.552,,,"2,9",5.707,"55,8","73,7","41,5",,10,"99,9"
401,17.12.2020,206.102,27.515,4.209,243,30.494,21.901.694,1.955.680,17.364,1.721.607,,,"2,9",5.803,"55,8","73,7","41,5",,10 saat,"99,9"
402,16.12.2020,205.397,29.718,4.893,240,29.922,21.695.592,1.928.165,17.121,1.691.113,,,"2,9",5.960,"55,8","73,7","41,5",,10,"99,9"
403,15.12.2020,206.190,32.102,5.105,235,29.247,21.490.195,1.898.447,16.881,1.661.191,,,"2,9",5.988,"55,8","73,7","41,5",,10,"99,9"
404,14.12.2020,204.289,29.617,5.064,229,28.164,21.284.005,1.866.345,16.646,1.631.944,,,"2,9",5.980,"55,8","73,7","41,5",,10,"99,9"
405,13.12.2020,181.199,26.919,5.103,218,22.215,21.079.716,1.836.728,16.417,1.603.780,,,"3,1",5.973,"55,1","72,1","41,7",,10,"99,9"
406,12.12.2020,189.065,29.136,5.203,222,20.191,20.898.517,1.809.809,16.199,1.581.565,,,"3,1",5.961,"55,1","72,1","41,7",,10,"99,9"
407,11.12.2020,208.873,32.106,5.607,226,5.516,20.709.452,1.780.673,15.977,458.109,,,"3,1",5.952,"55,1","72,1","41,7",,10,"99,9"
408,10.12.2020,206.202,30.424,5.918,220,5.232,20.500.579,1.748.567,15.751,452.593,,,"3,1",5.943,"55,1","72,1","41,7",,10,"99,9"
409,09.12.2020,204.411,31.712,6.213,217,5.846,20.294.377,558.517,15.531,447.361,,,"3,1",5.901,"55,1","72,1","41,7",,10,"99,9"
410,08.12.2020,201.219,33.198,6.593,211,5.245,20.089.966,552.304,15.314,441.515,,,"3,1",5.882,"55,1","72,1","41,7",,10,"99,9"
411,07.12.2020,196.902,32.137,6.420,203,5.017,19.888.747,545.711,15.103,436.270,,,"3,1",5.836,"55,1","72,1","41,7",,10,"99,9"
412,06.12.2020,174.761,30.402,6.093,195,4.011,19.691.845,539.291,14.900,431.253,,,"3,3",5.805,"55,7","71,7","40,1",,11,"99,8"
413,05.12.2020,178.903,31.896,6.128,196,4.100,19.517.084,533.198,14.705,427.242,,,"3,3",5.800,"55,7","71,7","40,1",,11,"99,8"
414,04.12.2020,194.435,32.736,6.903,193,4.811,19.338.181,527.070,14.509,423.142,,,"3,3",5.703,"55,7","71,7","40,1",,11,"99,8"
415,03.12.2020,187.518,32.381,6.511,187,4.190,19.143.746,520.167,14.316,418.331,,,"3,3",5.611,"55,7","71,7","40,1",,11,"99,8"
416,02.12.2020,183.624,31.923,6.690,193,4.821,18.956.228,513.656,14.129,414.141,,,"3,3",5.502,"55,7","71,7","40,1",,11,"99,8"
417,01.12.2020,180.312,30.110,6.101,190,4.593,18.772.604,506.966,13.936,409.320,,,"3,3",5.303,"55,7","71,7","40,1",,11,"99,8"
418,30.11.2020,176.656,31.219,6.514,188,4.485,18.592.292,500.865,13.746,404.727,,,"3,4",5.190,"54,7","71,3","39,2",,11,"99,8"
419,29.11.2020,168.212,29.281,6.439,185,4.015,18.415.636,494.351,13.558,400.242,,,"3,4",5.011,"54,7","71,3","39,2",,11,"99,8"
420,28.11.2020,174.443,30.103,6.714,182,3.611,18.247.424,487.912,13.373,396.227,,,"3,4",4.903,"54,7","71,3","39,2",,11,"99,8"
421,27.11.2020,171.113,29.845,6.592,177,3.845,18.072.981,481.198,13.191,392.616,,,"3,4",4.816,"54,7","71,3","39,2",,11,"99,8"
422,26.11.2020,168.348,29.132,6.876,174,3.291,17.901.868,474.606,13.014,388.771,,,"3,4",4.711,"54,7","71,3","39,2",,11,"99,8"
423,25.11.2020,164.547,28.351,6.814,168,3.911,17.733.520,467.730,12.840,385.480,,,"3,4",4.641,"54,7","71,3","39,2",,11,"99,8"
424,24.11.2020,162.231,,7.381,161,3.678,17.568.973,460.916,12.672,381.569,,,"3,4",4.543,"54,7","71,3","39,2",,11,"99,8"
425,23.11.2020,161.125,,6.713,153,3.254,17.406.742,453.535,12.511,377.891,,,"3,4",4.409,"54,7","71,3","39,2",,11,"99,8"
426,22.11.2020,155.516,,6.017,139,3.812,17.245.617,446.822,12.358,374.637,,,"3,8",4.217,"54,7","70,8","37,6",,11,"99,6"
427,21.11.2020,152.214,,5.532,135,3.233,17.090.101,440.805,12.219,370.825,,,"3,8",4.121,"54,7","70,8","37,6",,11,"99,6"
428,20.11.2020,156.642,,5.103,141,3.019,16.937.887,435.273,12.084,367.592,,,"3,8",3.990,"54,7","70,8","37,6",,11,"99,6"
429,19.11.2020,157.756,,4.542,123,2.918,16.781.245,430.170,11.943,364.573,,,"3,8",3.850,"54,7","70,8","37,6",,11,"99,6"
430,18.11.2020,158.811,,4.215,116,2.592,16.623.489,425.628,11.820,361.655,,,"3,8",3.742,"54,7","70,8","37,6",,11,"99,6"
431,17.11.2020,156.692,,3.819,103,2.688,16.464.678,421.413,11.704,359.063,,,"3,8",3.657,"54,7","70,8","37,6",,11,"99,6"
432,16.11.2020,151.516,,3.316,94,2.712,16.307.986,417.594,11.601,356.375,,,"3,8",3.610,"54,7","70,8","37,6",,11,"99,6"
433,15.11.2020,142.496,,3.223,89,2.561,16.156.470,414.278,11.507,353.663,,,"4,2",3.439,"53,5","69,9","34,9",,12,"99,7"
434,14.11.2020,150.141,,3.116,92,2.298,16.013.974,411.055,11.418,351.102,,,"4,2",3.423,"53,5","69,9","34,9",,12,"99,7"
435,13.11.2020,149.942,,3.045,93,2.010,15.863.833,407.939,11.326,348.804,,,"4,2",3.356,"53,5","69,9","34,9",,12,"99,7"
436,12.11.2020,148.482,,2.841,88,2.181,15.713.891,404.894,11.233,346.794,,,"4,2",3.230,"53,5","69,9","34,9",,12,"99,7"
437,11.11.2020,145.989,,2.693,86,2.112,15.565.409,402.053,11.145,344.613,,,"4,2",3.095,"53,5","69,9","34,9",,12,99.7
438,10.11.2020,146.198,,2.529,87,2.215,15.419.420,399.360,11.059,342.501,,,"4,2",3.001,"53,5","69,9","34,9",,12,99.7
439,09.11.2020,145.411,,2.576,85,2.047,15.273.222,396.831,10.972,340.286,,,4.2,2.867,"53,5","69,9",34.9,,12,99.7
440,08.11.2020,141.944,,2.516,84,2.018,15.127.811,394.255,10.887,338.239,,,4.7,2.740,51.7,68.5,32.9,,10,99.7
441,07.11.2020,139.675,,2.483,81,1.928,14.985.867,391.739,10.803,336.221,,,4.7,2.730,51.7,68.5,32.9,,10,99.7
442,06.11.2020,145.241,,2.436,83,1.914,14.846.192,389.256,10.722,334.293,,,4.7,2.654,51.7,68.5,32.9,,10,99.7
443,05.11.2020,146.028,,2.311,81,1.714,14.700.951,386.820,10.639,332.379,,,4.7,2.564,51.7,68.5,32.9,,10,99.7
444,04.11.2020,144.416,,2.391,77,1.841,14.554.923,384.509,10.558,330.665,,,4.7,2.464,51.7,68.5,32.9,,10,99.7
445,03.11.2020,146.247,,2.343,79,1.817,14.410.507,382.118,10.481,328.824,,,4.7,2.386,51.7,68.5,32.9,,10,99.7
446,02.11.2020,139.103,,2.302,76,1.521,14.264.260,379.775,10.402,327.007,,,4.7,2.341,51.7,68.5,32.9,,10,99.7
447,01.11.2020,123.343,,2.106,74,1.515,14.125.157,377.473,10.326,325.486,,,5.0,2.177,50.8,67.1,33.4,,9,99.7
448,31.10.2020,124.109,,2.213,75,1.506,14.001.814,375.367,10.252,323.971,,,5.0,2.075,50.8,67.1,33.4,,9,99.7
449,30.10.2020,136.525,,2.322,78,1.703,13.877.705,373.154,10.177,322.465,,,5.0,1.966,50.8,67.1,33.4,,9,99.7
450,29.10.2020,134.416,,2.319,72,1.581,13.741.180,370.832,10.099,320.762,,,5.0,1.916,50.8,67.1,33.4,,9,99.7
451,28.10.2020,128.312,,2.305,77,1.662,13.606.764,368.513,10.027,319.181,,,5.0,1.836,50.8,67.1,33.4,,9,99.7
452,27.10.2020,127.651,,2.209,76,1.511,13.478.452,366.208,9.950,317.519,,,5.0,1.827,50.8,67.1,33.4,,9,99.7
453,26.10.2020,132.913,,2.198,75,1.618,13.350.801,363.999,9.874,316.008,,,5.0,1.780,50.8,67.1,33.4,,9,99.7
454,25.10.2020,112.215,,2.017,72,1.297,13.217.888,361.801,9.799,314.390,,,5.6,1.744,48.1,65.2,32.1,,7.5,99.6
455,24.10.2020,113.427,,2.091,69,1.573,13.105.673,359.784,9.727,313.093,,,5.6,1.699,48.1,65.2,32.1,,7.5,99.6
456,23.10.2020,115.979,,2.165,74,1.493,12.992.246,357.693,9.658,311.520,,,5.6,1.648,48.1,65.2,32.1,,7.5,99.6
457,22.10.2020,117.198,,2.102,71,1.581,12.876.267,355.528,9.584,310.027,,,5.6,1.599,48.1,65.2,32.1,,7.5,99.6
458,21.10.2020,117.943,,2.013,68,1.507,12.759.069,353.426,9.513,308.446,,,5.6,1.504,48.1,65.2,32.1,,7.5,99.6
459,20.10.2020,116.565,,1.894,74,1.512,12.641.126,351.413,9.445,306.939,,,5.6,1.545,48.1,65.2,32.1,,7.5,99.6
460,19.10.2020,116.249,,2026,75,1.424,12.524.561,349.519,9.371,305.427,,,5.6,1.447,48.1,65.2,32.1,,7.5,99.6
461,18.10.2020,101.403,,1.815,72,1.504,12.408.312,347.493,9.296,304.003,,,5.9,1.427,48.7,65.4,32.7,,7.6,99.4
462,17.10.2020,112.131,,1.723,71,1.401,12.306.909,345.678,9.224,302.499,,,5.9,1.428,48.7,65.4,32.7,,7.6,99.4
463,16.10.2020,117.005,,1.812,73,1.419,12.194.778,343.955,9.153,301.098,,,5.9,1.445,48.7,65.4,32.7,,7.6,99.4
464,15.10.2020,116.103,,1.693,66,1.311,12.077.773,342.143,9.080,299.679,,,5.9,1.408,48.7,65.4,32.7,,7.6,99.4
465,14.10.2020,115.328,,1.671,57,1.396,11.961.670,340.450,9.014,298.368,,,5.9,1.418,48.7,65.4,32.7,,7.6,99.4
466,13.10.2020,114.992,,1.632,62,1.314,11.846.342,338.779,8.957,296.972,,,5.9,1.416,48.7,65.4,32.7,,7.6,99.4
467,12.10.2020,115.605,,1.614,58,1.301,11.731.350,337.147,8.895,295.658,,,5.9,1.417,48.7,65.4,32.7,,7.6,99.4
468,11.10.2020,109.301,,1.502,59,1.212,11.615.745,335.533,8.837,294.357,,,6.2,1.411,48.6,68.8,31.4,,7.6,99.3
469,10.10.2020,113.102,,1.649,56,1.391,11.506.444,334.031,8.778,293.145,,,6.2,1.414,48.6,68.8,31.4,,7.6,99.3
470,09.10.2020,115.295,,1.629,55,1.402,11.393.342,332.382,8.722,291.754,,,6.2,1.398,48.6,68.8,31.4,,7.6,99.3
471,08.10.2020,117.101,,1.615,58,1.398,11.278.047,330.753,8.667,290.352,,,6.2,1.403,48.6,68.8,31.4,,7.6,99.3
472,07.10.2020,116.608,,1.581,56,1.355,11.160.946,329.138,8.609,288.954,,,6.2,1.411,48.6,68.8,31.4,,7.6,99.3
473,06.10.2020,112.421,,1.511,55,1.229,11.044.338,327.557,8.553,287.599,,,6.2,1.414,48.6,68.8,31.4,,7.6,99.3
474,05.10.2020,115.632,,1.603,57,1.320,10.931.917,326.046,8.498,286.370,,,6.2,1.412,48.6,68.8,31.4,,7.6,99.3
475,04.10.2020,104.402,,1.429,57,1.182,10.816.285,324.443,8.441,285.050,,,6.4,1.475,49.3,67.1,32.3,,8,99.1
476,03.10.2020,103.219,,1.502,59,1.211,10.711.883,323.014,8.384,283.868,,,6.4,1.470,49.3,67.1,32.3,,8,99.1
477,02.10.2020,114.857,,1.442,63,1.506,10.608.664,321.512,8.325,282.657,,,6.4,1.455,49.3,67.1,32.3,,8,99.1
478,01.10.2020,113.546,,1.407,67,1.402,10.493.807,320.070,8.262,281.151,,,6.4,1.507,49.3,67.1,32.3,,8,99.1
479,30.09.2020,112.098,,1.391,65,1.245,10.380.261,318.663,8.195,279.749,,,6.4,1.516,,,,,,
480,29.09.2020,114.940,,1.427,68,1.452,10.268.163,317.272,8.130,278.504,,,6.5,1.583,,,,,,
481,28.09.2020,115.523,,1.412,65,1.422,10.153.223,315.845,8.062,277.052,,,6.5,1.596,,,,,,
482,27.09.2020,101.119,,1.467,68,1.116,10.037.700,314.433,7.997,275.630,,,6.5,1.583,,,,,,
483,26.09.2020,102.009,,1.511,71,1.232,9.936.581,312.966,7.929,274.514,,,6.6,1.615,,,,,,
484,25.09.2020,112.885,,1.665,73,1.318,9.834.572,311.455,7.858,273.282,,,6.6,1.601,,,,,,
485,24.09.2020,113.317,,1.721,74,1.241,9.721.687,309.790,7.785,271.964,,,6.6,1.573,,,,,,
486,23.09.2020,112.102,,1.767,72,1.027,9.608.370,308.069,7.711,270.723,,,6.7,1.561,,,,,,
487,22.09.2020,114.311,,1.692,65,1.261,9.496.268,306.302,7.639,269.696,,,6.7,1.522,,,,,,
488,21.09.2020,112.942,,1.743,68,1.202,9.381.957,304.610,7.574,268.435,,,6.8,1.491,,,,,,
489,20.09.2020,95.321,,1.519,61,1.116,9.269.015,302.867,7.506,267.233,,,7.0,1.456,,,,,,
490,19.09.2020,97.416,,1.538,68,1.312,9.173.694,301.348,7.445,266.117,,,7.0,1.432,,,,,,
491,18.09.2020,111.113,,1.771,62,1.060,9.076.278,299.810,7.377,264.805,,,7.1,1.402,,,,,,
492,17.09.2020,109.985,,1.648,66,1.143,8.965.165,298.039,7.315,263.745,,,7.1,1.372,,,,,,
493,16.09.2020,112.645,,1.771,63,1.342,8.855.180,296.391,7.249,262.602,,,7.1,1.351,,,,,,
494,15.09.2020,110.412,,1.742,67,1.202,8.742.535,294.620,7.186,261.260,,,7.1,1.327,,,,,,
495,14.09.2020,112.563,,1.716,63,1.225,8.632.123,292.878,7.119,260.058,,,7.1,1.301,,,,,,
496,13.09.2020,96.097,,1.527,57,1.102,8.519.560,291.162,7.056,258.833,,,7.2,1.267,,,,,,
497,12.09.2020,98.326,,1.509,48,1.207,8.423.463,289.635,6.999,257.731,,,7.2,1.241,,,,,,
498,11.09.2020,112.213,,1.671,56,1.117,8.325.137,288.126,6.951,256.524,,,7.3,1.223,,,,,,
499,10.09.2020,107.702,,1.512,58,1.219,8.212.924,286.455,6.895,255.407,,,7.3,1.209,,,,,,
500,09.09.2020,111.193,,1.673,55,943,8.105.222,284.943,6.837,254.188,,,7.4,1.181,,,,,,
501,08.09.2020,110.565,,1.761,52,1.093,7.994.029,283.270,6.782,253.245,,,7.5,1.159,,,,,,
502,07.09.2020,103.925,,1.703,57,1.047,7.883.464,281.509,6.730,252.152,,,7.6,1.118,,,,,,
503,06.09.2020,96.842,,1.578,53,1.013,7.779.539,279.806,6.673,251.105,,,7.6,1.102,,,,,,
504,05.09.2020,99.497,,1.673,56,984,7.682.697,278.228,6.620,250.092,,,7.5,1.091,,,,,,
505,04.09.2020,117.113,,1.612,53,1.021,7.583.200,276.555,6.564,249.108,,,7.5,1.076,,,,,,
506,03.09.2020,110.225,,1.642,49,1.211,7.466.087,274.943,6.511,248.087,,,7.6,1.041,,,,,,
507,02.09.2020,107.927,,1.596,45,947,7.355.862,273.301,6.462,246.876,,,7.6,1.017,,,,,,
508,01.09.2020,109.443,,1.572,47,1.003,7.247.935,271.705,6.417,245.929,,,"7,6",991,,,,,,
509,31.08.2020,110.102,,1.587,44,1.087,7.138.492,270.133,6.370,244.926,,,"7,5",961,,,,,,
510,30.08.2020,91.302,,1.482,42,1.027,7.028.390,268.546,6.326,243.839,,,"7,5",945,,,,,,
511,29.08.2020,101.414,,1.549,39,1.003,6.937.088,267.064,6.284,242.812,,,"7,4",917,,,,,,
512,28.08.2020,107.814,,1.517,36,1.017,6.835.674,265.515,6.245,241.809,,,"7,4",896,,,,,,
513,27.08.2020,106.111,,1.491,26,995,6.727.860,263.998,6.209,240.792,,,"7,3",862,,,,,,
514,26.08.2020,100.109,,1.313,20,1.002,6.621.749,262.507,6.183,239.797,,,"7,4",841,,,,,,
515,25.08.2020,98.231,,1.502,24,887,6.521.640,261.194,6.163,238.795,,,"7,4",811,,,,,,
516,24.08.2020,95.943,,1.443,18,743,6.423.409,259.692,6.139,237.908,,,"7,4",796,,,,,,
517,23.08.2020,80.302,,1.217,19,795,6.327.466,258.249,6.121,237.165,,,"7,5",783,,,,,,
518,22.08.2020,93.007,,1.309,22,801,6.247.164,257.032,6.102,236.370,,,"7,4",762,,,,,,
519,21.08.2020,92.227,,1.203,22,772,6.154.157,255.723,6.080,235.569,,,"7,3",749,,,,,,
520,20.08.2020,92.301,,1.412,19,882,6.061.930,254.520,6.058,234.797,,,"7,3",735,,,,,,
521,19.08.2020,87.223,,1.303,23,1.002,5.969.629,253.108,6.039,233.915,,,"7,4",719,,,,,,
522,18.08.2020,82.318,,1.263,20,942,5.882.406,251.805,6.016,232.913,,,"7,5",703,,,,,,
523,17.08.2020,74.846,,1.233,22,1.002,5.800.088,250.542,5.996,231.971,,,"7,5",686,,,,,,
524,16.08.2020,65.956,,1.192,19,997,5.725.242,249.309,5.974,230.969,,,"7,6",679,,,,,,
525,15.08.2020,67.214,,1.256,21,992,5.659.286,248.117,5.955,229.972,,,"7,6",668,,,,,,
526,14.08.2020,70.192,,1.226,22,923,5.592.072,246.861,5.934,228.980,,,"7,8",656,,,,,,
527,13.08.2020,66.892,,1.243,21,968,5.521.880,245.635,5.912,228.057,,,"7,9",647,,,,,,
528,12.08.2020,67.237,,1.212,18,934,5.454.988,244.392,5.891,227.089,,,"8,2",632,,,,,,
529,11.08.2020,61.716,,1.183,15,1.185,5.387.751,243.180,5.873,226.155,,,"8,2",617,,,,,,
530,10.08.2020,62.219,,1.193,14,1.211,5.326.035,241.997,5.858,224.970,,,"8,2",603,,,,,,
531,09.08.2020,61.446,,1.182,15,1.103,5.263.816,240.804,5.844,223.759,,,"8,1",596,,,,,,
532,08.08.2020,63.842,,1.172,16,1.082,5.202.370,239.622,5.829,222.656,,,"8,1",587,,,,,,
533,07.08.2020,56.726,,1.185,15,1.028,5.138.528,238.450,5.813,221.574,,,"8,3",586,,,,,,
534,06.08.2020,54.494,,1.153,14,1.040,5.081.802,237.265,5.798,220.546,,,"8,3",580,,,,,,
535,05.08.2020,53.842,,1.178,19,1.015,5.027.308,236.112,5.784,219.506,,,"8,4",582,,,,,,
536,04.08.2020,46.249,,1.083,18,994,4.973.466,234.934,5.765,218.491,,,"8,5",583,,,,,,
537,03.08.2020,41.301,,995,19,1.003,4.927.217,233.851,5.747,217.497,,,8.4,580,,,,,,
538,02.08.2020,40.247,,987,18,978,4.885.916,232.856,5.728,216.494,,,8.5,582,,,,,,
539,01.08.2020,44.846,,996,19,981,4.845.669,231.869,5.710,215.516,,,8.7,586,,,,,,
540,31.07.2020,46.492,,982,17,996,4.800.823,230.873,5.691,214.535,,,8.8,582,,,,,,
541,30.07.2020,43.236,,967,15,982,4.754.331,229.891,5.674,213.539,,,9.3,561,,,,,,
542,29.07.2020,45.712,,942,14,996,4.711.095,228.924,5.659,212.557,,,9.4,542,,,,,,
543,28.07.2020,47.412,,963,15,1.092,4.665.383,227.982,5.645,211.561,1.280,403,,,,,,,,
544,27.07.2020,45.283,,919,17,982,4.617.971,227.019,5.630,210.469,1.263,392,,,,,,,,
545,26.07.2020,40.016,,927,17,1.010,4.572.688,226.100,5.613,209.487,1.249,387,,,,,,,,
546,25.07.2020,43.312,,921,16,1.103,4.532.672,225.173,5.596,208.477,1.252,386,,,,,,,,
547,24.07.2020,42.986,,937,17,1.009,4.489.360,224.252,5.580,207.374,1.248,379,,,,,,,,
548,23.07.2020,43.343,,913,18,1.151,4.446.374,223.315,5.563,206.365,1.251,378,,,,,,,,
549,22.07.2020,43.404,,902,19,1.203,4.403.031,222.402,5.545,205.214,1.244,381,,,,,,,,
550,21.07.2020,42.846,,928,18,1.009,4.359.627,221.500,5.526,204.011,1.246,379,,,,,,,,
551,20.07.2020,43.404,,931,17,992,4.316.781,220.572,5.508,203.002,1.243,385,,,,,,,,
552,19.07.2020,41.310,,924,16,997,4.273.377,219.641,5.491,202.010,1.246,398,,,,,,,,
553,18.07.2020,40.943,,918,17,1.179,4.232.067,218.717,5.475,201.013,1.231,394,,,,,,,,
554,17.07.2020,41.215,,926,18,1.014,4.191.124,217.799,5.458,199.834,1.226,402,,,,,,,,
555,16.07.2020,42.411,,933,21,1.087,4.149.909,216.873,5.440,198.820,1.213,394,,,,,,,,
556,15.07.2020,42.320,,947,17,1.013,4.107.498,215.940,5.419,197.733,1.206,401,,,,,,,,
557,14.07.2020,43.231,,992,20,1.049,4.065.178,214.993,5.402,196.720,1.204,396,,,,,,,,
558,13.07.2020,46.492,,1.008,19,1.156,4.021.947,214.001,5.382,195.671,1.223,402,,,,,,,,
559,12.07.2020,45.232,,1.012,19,1.298,3.975.455,212.993,5.363,194.515,1.209,409,,,,,,,,
560,11.07.2020,48.813,,1.016,21,1.334,3.930.223,211.981,5.344,193.217,1.194,401,,,,,,,,
561,10.07.2020,48.787,,1.003,23,1.493,3.881.410,210.965,5.323,191.883,1.182,402,,,,,,,,
562,09.07.2020,50.103,,1.024,18,2.879,3.832.623,209.962,5.300,190.390,1.179,399,,,,,,,,
563,08.07.2020,49.302,,1.041,22,2.219,3.782.520,208.938,5.282,187.511,1.172,406,,,,,,,,
564,07.07.2020,50.545,,1.053,19,2.297,3.733.218,207.897,5.260,185.292,1.152,400,,,,,,,,
565,06.07.2020,52.193,,1.086,16,2.315,3.682.673,206.844,5.241,182.995,1.130,395,,,,,,,,
566,05.07.2020,46.414,,1.148,19,1.188,3.630.480,205.758,5.225,180.680,1.127,392,,,,,,,,
567,04.07.2020,48.248,,1.154,20,1.214,3.584.066,204.610,5206,179.492,,,,,,,,,,
568,03.07.2020,52.141,,1.172,19,1.313,3.535.818 ,203.456,5.186,178.278,1.082,374,,,,,,,,
569,02.07.2020,49.714,,1.186,17,1.543,3.483.677,202.284,5.167,176.965,1.067,372,,,,,,,,
570,01.07.2020,52.313,,1.192,19,2.311, 3.433.963 ,201.098,5.150,175.422,1.035,362,,,,,,,,
571,30.06.2020,50.492,,1.293,16,1.302,3.381.650,199.906,5.131,173.111,1.026,368,,,,,,,,
572,29.06.2020,51.014,,1.374,18,1.214,3.331.158,198.613,5.115,171.809,1.018,375,,,,,,,,
573,28.06.2020,48.309,,1.356,15,1.413,3.280.144,197.239,5.097,170.595,996,381,,,,,,,,
574,27.06.2020,45.213,,1.372,17,1.984,3.231.835,195.883,5.082,169.182,984,366,,,,,,,,
575,26.06.2020,51.198,,1.396,19,1.492,3.186.622,194.511,5.065,167.198,963,382,,,,,,,,
576,25.06.2020,52.303,,1.458,21,1.472,3.135.424,193.115,5.046,165.706,941,369,,,,,,,,
577,24.06.2020,53.486,,1.492,24,1.386,3.083.121,191.657,5.025,164.234,914,356,,,,,,,,
578,23.06.2020,42.982,,1.268,27,1.315,3.029.635,190.165,5.001,162.848,893,362,,,,,,,,
579,22.06.2020,41.413,,1.212,24,1.293,2.986.653,188.897,4.974,161.533,846,345,,,,,,,,
580,21.06.2020,40.496,,1.192,23,1.412,2.945.240,187.685,4.950,160.240,803,327,,,,,,,,
581,20.06.2020,41.112,,1.248,22,1.312,2.904.744,186.493,4.927,158.828,781,318,,,,,,,,
582,19.06.2020,41.316,,1.214,23,1.494,2.863.632,185.245,4.905,157.516,769,310,,,,,,,,
583,18.06.2020,48.412,,1.304,21,1382,2.822.316,184.031,4.882,156.022,755,311,,,,,,,,
584,17.06.2020,52.901,,1.429,19,1.261,2.773.904,182.727,4.861,154.640,745,306,,,,,,,,
585,16.06.2020,46.800,,1.467,17,1.015,2.721.003,181.298,4.842,153.379,732,303,,,,,,,,
586,15.06.2020,42.032,,1.592,18	,947,2.674.203,179.831,4.825,152.364,722,291,,,,,,,,
587,14.06.2020,45.176,,1.562,15,1.330,2.632.171,178.239,4.807,151.417,717,290,,,,,,,,
588,13.06.2020,45.092,,1.459,14,985,2.586.995,176.677,4.792,150.087,684,284,,,,,,,,
589,12.06.2020,41.013,,1.195,15,1.242,2.541.903,175.218,4.778,149.102,664,282,,,,,,,,
590,11.06.2020,49.190,,987,17,1.021,2.500.890,174.023,4.763,147.860,643,266,,,,,,,,
591,10.06.2020,36.521,,922,17,2.241,2.451.700,173.036,4.746,146.839,631,280,,,,,,,,
592,09.06.2020,37.225,,993,18,3.218,2.415.179,172.114,4.729,144.598,642,281,,,,,,,,
593,08.06.2020,39.361,,989,19,3.411,2.377.954,171.121,4.711,141.380,625,261,,,,,,,,
594,07.06.2020,35.335,,914,23,2.647,2.338.593,170.132,4.692,137.969,613,274,,,,,,,,
595,06.06.2020,35.846,,878,21,1.922,2.303.258,169.218,4.669,135.322,591,264,,,,,,,,
596,05.06.2020,57.829,,930,18,1.622,2.267.412,168.340,4.648,133.400,592,269,,,,,,,,
597,04.06.2020,54.234,,988,21,926,2.209.583,167.410,4.630,131.778,602,265,,,,,,,,
598,03.06.2020,52.305,,867,24,931,2.155.349,166.422,4.609,130.852,612,261,,,,,,,,
599,02.06.2020,32.325,,786,22,974,2.103.044,165.555,4.585,129.921,633,271,,,,,,,,
600,01.06.2020,31.525,,827,23,974,2.070.719,164.769,4.563,128.947,651,283,,,,,,,,
601,31.05.2020,35.600,,839,25,989,2.039.194,163.942,4540,127.973,648,287,,,,,,,,
602,30.05.2020,39.230,,983,26,1.021,2.003.594,163.103,4515,126.984,649,308,,,,,,,,
603,29.05.2020,36.155,,1.141,28,1.594,1.964.364,162.120,4.489,125.963,662,324,,,,,,,,
604,28.05.2020,33.559,,1.182,30,1.576,1.928.209,160.979,4.461,124.369,683,339,,,,,,,,
605,27.05.2020,21.043,,1.035,34,1.286,1.894.650,159.797,4.431,122.793,723,331,,,,,,,,
606,26.05.2020,19.853,,948,28,1.492,1.873.607,158.762,4.397,121.507,739,338,,,,,,,,
607,25.05.2020,21.492,,987,29,1.321,1.853.754,157.814,4.369,120.015,756,371,,,,,,,,
608,24.05.2020,24.589,,1.141,32,1.092,1.832.262,156.827,4.340,118.694,769,385,,,,,,,,
609,23.05.2020,40.178,,1.186,32,1.491,1.807.673,155.686,4.308,117.602,775,388,,,,,,,,
610,22.05.2020,37.507,,952,27,1.121,1.767.495,154.500,4.276,116.111,800,401,,,,,,,,
611,21.05.2020,33.633,,961,27,1.003,1.729.988,153.548,4.249,114.990,820,424,,,,,,,,
612,20.05.2020,20.838,,972,23,1.092,1.696.355,152.587,4.222,113.987,877,445,,,,,,,,
613,19.05.2020,25.382,,1.022,28,1.318,1.675.517,151.615,4.199,112.895,882,455,,,,,,,,
614,18.05.2020,25.141,,1.158,31,1.615,1.650.135,150.593,4.171,111.577,903,463,,,,,,,,
615,17.05.2020,35.369,,1.368,44,1.825,1.624.994,149.435,4.140,109.962,914,468,,,,,,,,
616,16.05.2020,42.236,,1.610,41,2.004,1.589.625,148.067,4.096,108.137,906,474,,,,,,,,
617,15.05.2020,38.565,,1.708,48,2.103,1.547.389,146.457,4.055,106.133,944,490,,,,,,,,
618,14.05.2020,34.821,,1.635,55,2.315,1.508.824,144.749,4.007,104.030,963,508,,,,,,,,
619,13.05.2020,33.332,,1.639,58,2.826,1.474.003,143.114,3.952,101.715,998,535,,,,,,,,
620,12.05.2020,37.351,,1.704,53,3.109,1.440.671,141.475,3.894,98.889,1.045,576,,,,,,,,
621,11.05.2020,32.722,,1.114,55,3.089,1.403.320,139.771,3.841,95.780,1.126,578,,,,,,,,
622,10.05.2020,36.187,,1.542,47,3.211,1.370.598,138.657,3.786,92.691,1.154,598,,,,,,,,
623,09.05.2020,35.605,,1.546,50,3.084,1.334.411,137.115,3.739,89.480,1.168,628,,,,,,,,
624,08.05.2020,33.687,,1.848,48,3.412,1.298.806,135.569,3.689,86.396,1.219,653,,,,,,,,
625,07.05.2020,30.395,,1.977,57,4.782,1.265.119,133.721,3.641,82.984,1.260,665,,,,,,,,
626,06.05.2020,30.303,,2.253,64,4.917,1.234.724,131.744,3.584,78.202,1.278,669,,,,,,,,
627,05.05.2020,33.283,,1.832,59,5.119,1.204.421,129.491,3.520,73.285,1.338,707,,,,,,,,
628,04.05.2020,35.771,,1.614,64,5.015,1.171.138,127.659,3.461,68.166,1.384,727,,,,,,,,
629,03.05.2020,24.001,,1.670,61,4.892,1.135.367,126.045,3.397,63.151,1.424,766,,,,,,,,
630,02.05.2020,36.318,,1.983,78,4.451,1.111.366,124.375,3.336,58.259,1.445,778,,,,,,,,
631,01.05.2020,41.431,,2.188,84,4.922,1.075.048,122.392,3.258,53.808,1.480,818,,,,,,,,
632,30.04.2020,42.004,,2.615,93,4.846,1.033.617,120.204,3.174,48.886,1.514,803,,,,,,,,
633,29.04.2020,43.498,,2.936,89,5.231,991.613,117.589,3.081,44.040,1.574,831,,,,,,,,
634,28.04.2020,29.230,,2.392,92,5.018,948.115,114.653,2.992,38.809,1.621,845,,,,,,,,
635,27.04.2020,20.143,,2.131,95,4.651,918.885,112.261,2.900,33.791,1.736,882,,,,,,,,
636,26.04.2020,30.177,,2.357,99,3.558,898.742,110.130,2.805,29.140,1.776,883,,,,,,,,
637,25.04.2020,38.308,,2.861,106,3.845,868.565,107.773,2.706,25.582,1.782,900,,,,,,,,
638,24.04.2020,38.351,,3.122,109,3.246,830.257,104.912,2.600,21.737,1.790,929,,,,,,,,
639,23.04.2020,40.962,,3.116,115,2.014,791.906,101.790,2.491,18.491,1.816,982,,,,,,,,
640,22.04.2020,37.535,,3.083,117,1.559,750.944,98.674,2.376,16.477,1.814,985,,,,,,,,
641,21.04.2020,39.429,,4.611,119,1.488,713.409,95.591,2.259,14.918,1.865,1.006,,,,,,,,
642,20.04.2020,39.703,,4.674,123,1.454,673.980,90.980,2.140,13.430,1.909,1.033,,,,,,,,
643,19.04.2020,35.344,,3.977,127,1.523,634.277,86.306,2.017,11.976,1.922,1.031,,,,,,,,
644,18.04.2020,40.520,,3.783,121,1.822,598.933,82.329,1.890,10.453,1.894,1.054,,,,,,,,
645,17.04.2020,40.270,,4.353,126,1.542,558.413,78.546,1.769,8.631,1.845,1.014,,,,,,,,
646,16.04.2020,40.427,,4.801,125,1.415,518.143,74.193,1.643,7.089,1.854,1.040,,,,,,,,
647,15.04.2020,34.090,,4.281,115,875,477.716,69.392,1.518,5.674,1.820,1.052,,,,,,,,
648,14.04.2020,33.070,,4.062,107,842,443.626,65.111,1.403,4.799,1.809,1.087,,,,,,,,
649,13.04.2020,34.456,,4.093,98,511,410.556,61.049,1.296,3.957,1.786,1.063,,,,,,,,
650,12.04.2020,35.720,,4.789,97,481,376.100,56.956,1.198,3.446,1.665,978,,,,,,,,
651,11.04.2020,33.170,,5.138,95,542,340.380,52.167,1.101,2.965,1.626,1.021,,,,,,,,
652,10.04.2020,30.864,,4.747,98,281,307.210,47.029,1.006,2.423,1.667,1.062,,,,,,,,
653,09.04.2020,28.578,,4.056,96,296,276.346,42.282,908,2.142,1.552,1.017,,,,,,,,
654,08.04.2020,24.900,,4.117,87,264,247.768,38.226,812,1.846,1.492,995,,,,,,,,
655,07.04.2020,20.023,,3.892,76,256,222.868,34.109,725,1.582,1.474,987,,,,,,,,
656,06.04.2020,21.400,,3.148,75,284,202.845,30.217,649,1.326,1.415,966,,,,,,,,
657,05.04.2020,20.065,,3.135,73,256,181.445,27.069,574,1.042,1.381,935,,,,,,,,
658,04.04.2020,19.664,,3.013,76,302,161.380,23.934,501,786,1.311,909,,,,,,,,
659,03.04.2020,16.160,,2.786,69,,141.716,20.921,425,484,1.251,867,,,,,,,,
660,02.04.2020,18.757,,2.456,79,,125.556,18.135,356,415,1.101,783,,,,,,,,
661,01.04.2020,14.396,,2.148,63,,106.799,15.679,277,333,979,692,,,,,,,,
662,31.03.2020,15.422,,2.704,46,,92.403,13.531,214,243,847,622,,,,,,,,
663,30.03.2020,11.535,,1.610,37,,76.981,10.827,168,162,725,523,,,,,,,,
664,29.03.2020,9.982,,1.815,23,,65.446,9.217,131,105,568,394,,,,,,,,
665,28.03.2020,7.641,,1.704,16,,55.464,7.402,108,70,445,309,,,,,,,,
666,27.03.2020,7.533,,2.069,17,,47.823,5.698,92,42,344,241,,,,,,,,
667,26.03.2020,,,,,,,3629,75,,,,,,,,,,,
668,25.03.2020,,,,,,,2433,59,,,,,,,,,,,
669,24.03.2020,,,,,,,1872,44,,,,,,,,,,,
670,23.03.2020,,,,,,,1529,37,,,,,,,,,,,
671,22.03.2020,,,,,,,1236,30,,,,,,,,,,,
672,21.03.2020,,,,,,,947,21,,,,,,,,,,,
673,20.03.2020,,,,,,,670,9,,,,,,,,,,,
674,19.03.2020,,,,,,,359,4,,,,,,,,,,,
675,18.03.2020,,,,,,,191,2,,,,,,,,,,,
676,17.03.2020,,,,,,,98,1,,,,,,,,,,,
677,16.03.2020,,,,,,,47,,,,,,,,,,,,
678,15.03.2020,,,,,,,18,,,,,,,,,,,,
679,14.03.2020,,,,,,,6,,,,,,,,,,,,
680,13.03.2020,,,,,,,5,,,,,,,,,,,,
681,12.03.2020,,,,,,,1,,,,,,,,,,,,
682,11.03.2020,,,,,,,1,,,,,,,,,,,,
